Name,Value
Shiny,0.36194929183
Radiant,0.09976807403
Silver,0.09048732296
Gold,0.06032488197
Platinum,0.05336431867
Copper,0.01392112661
Weapon Parts,0.01856150215
Flower,0.09280751073
Colorful,0.12529013948
Mystic,0.00696056330
Diamond,0.00232018777
Abundance,0.00232018777
Hyakkiyako,0.00799165475
Red Winter,0.00799165475
Trinity,0.00799165475
Gehenna,0.00799165475
Abydos,0.00799165475
Millennium,0.00799165475
Shanhaijing,0.00799165475
Valkyrie,0.00799165475
Arius,0.00799165475